"ID_CLI","IDENTIFICACION_CLI","NOMBRE_CLI","TIPO_CLI","SUCURSAL_CLI","APS_CLI","ID_PLZ_CLI","ID_CAL_CLI"
"1","2975124003","Charles White","N","LOJA","Williams, Atkins and Johnson","143","1"
"2","8025302475","Mrs. Melissa Thompson","N","CUENCA","Walters, Shields and Mosley","68","1"
"3","8772939414","Angela Cruz","J","LOJA","Anderson Inc","354","2"
"4","4464439662","Renee Harris","J","QUITO","Nguyen, Fitzgerald and Robertson","577","1"
"5","7410475336","Molly Vincent","J","QUITO","Cobb PLC","9","2"
"6","3999161768","Jeffery Smith","J","EL COCA","Rocha Ltd","82","1"
"7","9237345697","Cody Moreno","J","LOJA","Wood, Williams and Green","341","3"
"8","2632585839","Angela Garcia","N","MACHALA","Henry and Sons","587","5"
"9","6502671845","Kimberly Estrada MD","J","QUITO","Alexander-Williams","546","2"
"10","9155273840","Pamela Williams","N","PORTOVIEJO","Wallace-Jenkins","371","4"
"11","6560762141","Robert Reynolds","J","CUENCA","Leonard, Wright and Watson","420","4"
"12","3812075816","Samantha Fowler","J","QUITO","Wright, Garza and Hughes","406","3"
"13","5751660259","Marcus Morris","N","MACHALA","Hudson PLC","283","4"
"14","9472904493","Taylor Carlson","E","CUENCA","Dunn and Sons","37","1"
"15","8053893231","Crystal Brown","N","QUITO","Myers and Sons","433","4"
"16","5077443343","William Butler","N","QUITO","Valdez Ltd","131","2"
"17","8494727024","Robert Brock","N","QUITO","Hall and Sons","382","4"
"18","7110270771","Brittany Cochran","N","QUITO","Anderson, Mccullough and Hudson","175","3"
"19","7519023684","Martha Moore","N","QUITO","Thompson-Wheeler","254","5"
"20","7653740481","Dr. Kimberly Foster","N","QUITO","Palmer-Glover","79","2"
"21","2857050060","Candace Thompson","N","QUITO","Grimes-Daniel","461","2"
"22","2434621091","Donald Nunez","N","QUITO","Mcgee-Harris","171","4"
"23","8708611931","Victoria Keller","N","QUITO","Shields Inc","397","3"
"24","8925145596","Stacey Brown","N","QUITO","Friedman, Aguilar and Gonzalez","244","3"
"25","6978936657","Miss Caitlin Mclean","N","QUITO","Jones, Rowe and Waller","303","4"
"26","2882416511","Dan Farley","N","QUITO","Arnold-Shaffer","163","4"
"27","4576494203","David Nguyen","N","QUITO","Burns-Harper","13","4"
"28","9900652905","Mary Ford","N","QUITO","Farrell PLC","456","5"
"29","5129811624","Kristy Murphy","N","QUITO","Wilson LLC","57","3"
"30","6251093535","Caroline Martinez","N","QUITO","Hunter, Murray and Cox","480","3"
"31","7353898908","Daniel Mendez","N","QUITO","Johnson, Marquez and Scott","1","4"
"32","2297621290","Angel Holmes","N","QUITO","Ellis-Morris","155","5"
"33","1286249510","Andrew Gardner","N","QUITO","Miller-Walker","435","1"
"34","8775171886","Susan Caldwell","N","QUITO","Rodriguez Ltd","438","4"
"35","3688804068","Jasmine Smith","N","QUITO","Shaw Ltd","281","5"
"36","4065880884","Noah Leonard","N","QUITO","Munoz Ltd","59","2"
"37","6581578196","Jennifer Anderson","N","QUITO","Dawson PLC","595","1"
"38","5320528132","Jon West","N","QUITO","Jones, Caldwell and Porter","145","4"
"39","5560278956","Brenda Cochran","N","QUITO","Fry, Martin and Anderson","310","5"
"40","4165459908","Melissa Edwards","N","QUITO","Mitchell PLC","523","1"
"41","6922869634","Morgan Francis","N","QUITO","Smith, Avila and Pena","154","4"
"42","4852295725","Tammy Williams","N","QUITO","Gonzalez, Perez and Lang","375","5"
"43","5960335923","Matthew Boyd","N","QUITO","Williamson-Gordon","60","3"
"44","6920822695","David Novak","N","QUITO","Lewis-Wells","117","2"
"45","2447938790","Kevin Reed","N","QUITO","Moore PLC","421","1"
"46","8355950461","Tracie Weaver","N","QUITO","Hunt Inc","256","1"
"47","1448855721","Jordan Welch","N","QUITO","Jones Inc","370","5"
"48","8473842190","Andrea Dean","N","QUITO","Moss-Mclaughlin","296","3"
"49","3910300350","Megan Gibson","N","QUITO","Collins, Hopkins and Winters","125","3"
"50","7579969742","Michelle Gross","N","QUITO","Young, Mcguire and Blair","28","2"
"51","7818036953","Elizabeth Woods","N","QUITO","Rice-Anderson","482","5"
"52","1540057263","Katherine Roberson","N","QUITO","Moore-Ray","542","2"
"53","4796897110","Erin Lane","J","QUITO","Wong, Erickson and Walls","485","1"
"54","2723633461","Rhonda Morgan MD","N","QUITO","Cruz, Small and Brown","567","3"
"55","2483333295","Christina Smith","N","QUITO","Tucker-Castillo","557","4"
"56","9869964389","Jennifer Campbell","N","QUITO","Brown-Wyatt","413","4"
"57","3203452897","Jacob Avery","E","PORTOVIEJO","King, Heath and Ortiz","33","2"
"58","1180095338","Perry Shea","N","QUITO","Gonzalez, Calderon and Murphy","337","5"
"59","2977169487","Mark Hansen","J","PORTOVIEJO","Mcgee and Sons","348","2"
"60","7206619540","John Hicks","N","QUITO","Snyder PLC","508","5"
"61","1850130609","Megan Wong","E","QUITO","Simpson-Campbell","286","5"
"62","9919104879","Michael Harvey","N","QUITO","Aguilar, Phillips and Brown","400","3"
"63","5124306193","Krista Jennings","N","QUITO","Mcconnell-Brown","544","3"
"64","2066075615","Danielle Moore","N","QUITO","Smith PLC","93","2"
"65","3647930713","Alexander Fletcher","N","QUITO","Morrow, Houston and Dean","185","4"
"66","5962607068","Lindsey Reyes","N","QUITO","Luna, Tapia and Fernandez","324","3"
"67","7377764152","Bryan Suarez","N","QUITO","Smith and Sons","417","1"
"68","4538446272","Kerry Woodward","N","QUITO","Greer LLC","315","1"
"69","4034367353","Mr. Phillip Sullivan","N","QUITO","Thomas, Conner and King","594","2"
"70","6342270424","Barbara Hunt","N","QUITO","Thomas-Scott","408","5"
"71","6901974051","James Buchanan","J","GUAYAQUIL","Hill LLC","194","4"
"72","7925394290","Carla Davidson","J","MANTA","Harris-Li","129","3"
"73","2122780702","Jennifer Smith","J","MANTA","White, Cooper and Morgan","25","4"
"74","9896516636","Jesse Miller","J","SANTO DOMINGO","Bennett-Brown","500","1"
"75","5895690593","Brandon Glenn","J","QUITO","Hernandez, Best and Johnson","539","2"
"76","8929033077","Melissa Gould","J","QUITO","Burke-Singh","592","1"
"77","4757509261","Deborah Brown","J","QUITO","Owens, Richardson and Jones","395","1"
"78","7510866519","Katherine Davis","J","QUITO","Garrett and Sons","493","1"
"79","6280820144","Lindsay James","N","QUITO","Barnett and Sons","178","1"
"80","5346631324","Jon Black","N","QUITO","Barajas, Obrien and Gilbert","434","1"
"81","1947030148","Crystal Trujillo","N","QUITO","Kelly, Ford and Taylor","499","1"
"82","8870488004","Michelle Wright","N","QUITO","Johnson Ltd","230","5"
"83","7925022506","Jerry Cameron","N","QUITO","Johnson-Farrell","449","2"
"84","7093912233","Jennifer Schmitt","N","QUITO","Gonzales, Reynolds and Robinson","334","3"
"85","5601080564","Kristina Phillips","N","QUITO","Daniel Inc","237","5"
"86","5774179724","Stephanie Maldonado","N","QUITO","Scott-Alvarez","274","2"
"87","3357218410","Leslie Cox","N","QUITO","Bush-Garcia","520","3"
"88","4081235074","Jacob Williams","N","QUITO","Houston-Sullivan","102","4"
"89","3698098005","Brenda Carroll","N","QUITO","Torres PLC","173","5"
"90","9794578810","Michael Garcia","N","QUITO","Wilson, Byrd and Gray","130","3"
"91","3769793514","Peter Collins","N","QUITO","Flowers Ltd","135","2"
"92","7967234153","Denise Williams","N","QUITO","Fowler Ltd","534","2"
"93","3304646881","Mallory Lam","N","QUITO","Zuniga-Silva","343","1"
"94","2718408798","Rebecca Khan","N","QUITO","Lewis PLC","599","5"
"95","6047007667","Paula Martinez","N","QUITO","Cooper-Campbell","319","3"
"96","9325366247","Mackenzie Sheppard","E","IBARRA","Martin Group","553","5"
"97","5166960905","Steven Moore","N","QUITO","Lynch LLC","349","4"
"98","8893439547","Kendra Bush","N","QUITO","Smith-Roberts","189","1"
"99","1622875342","Alexandra Walker","N","QUITO","Morales, Williams and Horn","367","3"
"100","1668839287","Cheryl Day","N","QUITO","Mitchell-Wilson","268","4"
"101","6593009902","Darrell Higgins","N","QUITO","Ramos and Sons","16","2"
"102","8394164646","Shirley Clark","N","QUITO","Smith Group","222","4"
"103","3421134491","Betty Cohen","N","QUITO","Herrera, Villarreal and Chase","486","2"
"104","8944525444","Andrew Smith","N","EL COCA","Boyer and Sons","249","3"
"105","6209946148","Mrs. Jennifer Avery","N","QUITO","Cox, Edwards and Nichols","203","2"
"106","1586634184","Donna Farrell","E","QUITO","Reyes, Mills and Branch","61","3"
"107","5810358074","Lori Williams","N","QUITO","Berry, Duncan and Burgess","391","1"
"108","2400812536","Timothy Rodriguez","N","QUITO","Grant-Christian","358","1"
"109","7680997336","Mrs. Courtney Hill","N","MACHALA","Harris-Schneider","540","1"
"110","7584973514","Nicole Young","N","QUITO","Johnson Group","126","1"
"111","2492410385","Keith Miranda","J","QUITO","Young, Bailey and Young","164","4"
"112","6520142929","Danielle Moran","N","QUITO","Jordan, Franco and West","105","2"
"113","4850216654","Alyssa Carter","N","QUITO","Schmidt Ltd","596","4"
"114","4264613745","Sharon Bennett","N","QUITO","Ross-Lee","239","1"
"115","7961921703","Taylor Huynh","N","QUITO","Davis LLC","320","4"
"116","4543318174","Elizabeth Osborne","N","QUITO","Bowman LLC","45","4"
"117","2608556815","Michael Bell","N","QUITO","Kemp, Pierce and Reese","373","1"
"118","6715030578","Carl Simmons","N","IBARRA","Gibson and Sons","537","1"
"119","2036934065","Leah Adams","J","QUITO","Oneill-Jackson","422","2"
"120","5842433610","Henry Rogers","J","QUITO","Odom Group","432","5"
"121","8274365330","Stephanie Riley","J","EL COCA","Aguilar Group","510","1"
"122","1805871699","John Moss","J","LOJA","Mckee, Valenzuela and Arnold","292","3"
"123","9087467125","Meredith Hardy","J","QUITO","Mckee-Bryan","236","2"
"124","2541938274","Kelsey Kerr","N","IBARRA","Hall, Davis and Bell","227","4"
"125","5172397988","Brent Marks","J","QUITO","Levy, Sullivan and Wagner","158","3"
"126","9648833664","Robert Ingram","N","AMBATO","Taylor, Wright and Hansen","78","1"
"127","1769602690","Brandy Cook","J","SANTO DOMINGO","Cummings and Sons","600","4"
"128","4012924480","Virginia White","N","QUITO","Marshall-Freeman","174","2"
"129","6764068553","Danny Griffith","N","QUITO","Ferguson PLC","460","5"
"130","4532484181","Jennifer Bishop","N","QUITO","Cortez, Hayes and Wu","146","1"
"131","4225248441","Janet Clay","N","QUITO","Brown Inc","517","2"
"132","4213240364","Tracy Miller","N","QUITO","Morrow, Robinson and Montoya","257","2"
"133","1665249767","Troy Barry DDS","N","QUITO","Williams Ltd","288","3"
"134","2908848584","Phillip Hall","N","QUITO","Wright PLC","159","2"
"135","4355737068","Philip Miller","N","QUITO","Bishop-Medina","494","1"
"136","9466983753","Taylor Buck","N","QUITO","Williams-Schroeder","245","1"
"137","9803060969","Amber Lopez","N","QUITO","Wilson PLC","396","3"
"138","6959497452","Derek Richard","N","QUITO","Mathews-Brooks","21","1"
"139","3817691029","Robert Brown","J","QUITO","Hines PLC","55","1"
"140","7119376334","Anthony Matthews","N","QUITO SUR","Lynch-Howard","157","2"
"141","3777338420","Paul Jones","N","QUITO","Cruz, Ortiz and Gates","504","2"
"142","3379465827","Robert Mason","N","QUITO","Jimenez-Sanchez","586","5"
"143","9976806946","Frederick Simmons","E","EL COCA","Jones LLC","118","5"
"144","8415077077","Paul Baldwin","E","EL COCA","Torres Ltd","550","2"
"145","5202010761","Daniel Hernandez","E","EL COCA","Reid Ltd","459","3"
"146","5351620229","Kevin Brown","J","QUITO","Romero, Ruiz and Mcdonald","132","2"
"147","8551140615","Sonya Hart","N","MANTA","Neal Inc","306","4"
"148","2794534671","Sara Lopez","N","QUITO","Bullock-Sutton","458","2"
"149","1567411061","Ronald Sullivan","N","QUITO","Fuentes, Chen and Freeman","253","3"
"150","5229636488","Allison Davis","N","QUITO","Wilkerson and Sons","113","2"
"151","4900157682","Pamela Adams","N","QUITO","Lee, Hoffman and Rice","295","3"
"152","6582622987","Dean Perez","N","QUITO","Smith-Logan","223","4"
"153","7239096873","David Robinson","N","QUITO","Johnson-Parks","331","2"
"154","3097271653","Ashley Ward","N","QUITO","Valenzuela PLC","423","1"
"155","8376157234","Jasmin Howe","N","QUITO","Kline PLC","136","3"
"156","6812157550","Linda Spencer","N","QUITO","Chen, Johnson and Lewis","351","4"
"157","1642158861","Eric Baker","N","QUITO","Ellis and Sons","323","1"
"158","1575256468","Sarah Callahan","N","QUITO","Haas-Martin","172","5"
"159","8165530630","Victoria Smith DDS","N","QUITO","Pollard Inc","418","4"
"160","9935709564","Erika Wheeler","N","QUITO","Weaver, Smith and Marshall","91","4"
"161","6407762608","Linda Miller","N","QUITO","Barker-Larson","184","1"
"162","5829848721","Cynthia Burke","N","QUITO","Watson-Harper","424","3"
"163","6300940493","Donna Owens","N","QUITO","Harrison PLC","468","2"
"164","4712716988","Rachel Perez","N","QUITO","Hunt, Callahan and Schmidt","70","5"
"165","4657567470","Tanner Mullen","N","QUITO","Stephens-Jones","63","4"
"166","1983208810","John Mccarthy","N","QUITO","Caldwell Inc","260","2"
"167","4819187602","Carol Castro","N","QUITO","Wilson, Walters and Rose","29","2"
"168","9141327140","Stacy Graves","N","QUITO","Wood-Love","363","3"
"169","2077663887","Tyler Bradley","N","CUENCA","King Group","304","4"
"170","2892661173","Joseph Miller","N","QUITO","Cherry-Thomas","99","4"
"171","6430335892","William Eaton","N","QUITO","Williams Group","452","4"
"172","7641915773","Paige Joseph","N","QUITO","Humphrey Inc","589","3"
"173","2768223019","Christine Vang","N","QUITO","Foster-Vasquez","476","5"
"174","1839035886","Cassandra Garcia","N","QUITO","Coleman, Rodriguez and Hoffman","140","1"
"175","9010773169","Joseph Rice","N","QUITO","Gonzalez-Smith","464","5"
"176","4620144692","Joshua Welch","N","QUITO","Little-Gibbs","308","2"
"177","9054433069","Jason Peterson","N","QUITO","Anderson PLC","40","3"
"178","7367499828","Andrew Johnson","N","QUITO","Peterson, Schultz and Taylor","199","5"
"179","6664753076","Ashley Warren","N","QUITO","Anderson Inc","580","4"
"180","6548387373","Brianna Booth","N","QUITO","Green-Jackson","533","4"
"181","9798364274","Gregory Barnes","N","QUITO","Watson Group","141","4"
"182","2156591341","Jason Mcfarland","N","QUITO","Cortez LLC","446","4"
"183","8083340445","Kimberly Moore","N","QUITO","Stanley, Rice and Gates","202","5"
"184","5950555783","Christine Dunn","N","QUITO","Lewis, Simmons and Benton","387","2"
"185","4709822920","Randy Jackson","N","QUITO","Perez, Anderson and Buchanan","48","1"
"186","9012874269","Crystal Gonzalez","E","QUITO","Bruce and Sons","216","4"
"187","9603540770","Angela Flores","N","QUITO","Clark-Kemp","47","4"
"188","3442042301","David Montes","N","QUITO","Wheeler Inc","5","2"
"189","4800318785","Stephen Butler","N","QUITO","Ashley Ltd","27","5"
"190","1205062229","Alyssa Douglas","N","QUITO","Turner-Smith","579","1"
"191","1471547756","Jennifer Diaz","N","QUITO","Holder, Boyd and Phelps","133","2"
"192","9428018466","Linda Wang","N","QUITO","Kennedy-Heath","46","1"
"193","8767246104","Phillip Mckay","N","AMBATO","Dickson-Campbell","385","2"
"194","4856004858","Jason Boyd","N","QUITO","Thompson-Lynch","551","5"
"195","7106269486","Jennifer Cook","N","QUITO","Brown Inc","181","1"
"196","3568293100","Patrick Watson","N","RIOBAMBA","Campbell-Sanchez","235","2"
"197","7913263628","Dylan Stone","J","QUITO","Brown, Mckay and Kaufman","575","1"
"198","7208575096","Diana Taylor","J","QUITO","Mcmillan Group","266","1"
"199","5456058729","Max Marquez","E","IBARRA","Hayes PLC","151","5"
"200","2092714844","Kevin Bailey","N","QUITO","Marquez-Santiago","538","4"
"201","2986125925","Matthew Phillips","N","QUITO","Little-Johnson","238","2"
"202","9161690372","Nicholas Kelly","E","EL COCA","Velazquez LLC","519","1"
"203","4274763801","Kylie Yoder","N","QUITO","Bryant Inc","530","2"
"204","7360082943","Donna Johnson","N","QUITO","Schroeder-Patrick","356","4"
"205","2930335370","Andrew Miles","E","IBARRA","Lopez, Clark and Johnston","509","5"
"206","1329843264","Steve Galloway","N","MANTA","Woodard, Hoover and Day","32","1"
"207","1420430140","Kevin Wilson","N","QUITO","Williams, Blankenship and Ware","272","1"
"208","1681089971","James Mueller","N","QUITO","Martinez-Barton","591","3"
"209","6865546728","Raymond Campbell","N","QUITO","Norris-Jones","148","3"
"210","9584000097","John Bryant","N","QUITO","Hensley, Horton and Mccormick","261","3"
"211","7483128664","Edward Lee","N","QUITO","Gross and Sons","531","4"
"212","8508117850","Sean Watson","N","QUITO","Ferguson-Reyes","226","5"
"213","5741484073","Craig Johnson","N","QUITO","Rice, Kramer and Ford","134","4"
"214","8416429231","Keith Baker","N","QUITO","Davis and Sons","501","2"
"215","9772423318","Edward Sandoval","N","QUITO","Rodriguez-Brown","64","3"
"216","7550269886","Chad Anderson MD","N","QUITO","Mckenzie-Ballard","556","4"
"217","8733205153","Karen Bell","N","QUITO","Perry Group","401","5"
"218","8007584440","Brittany Velez","N","QUITO","Cook-Diaz","54","2"
"219","3610163181","Margaret Morris","N","QUITO","Sanchez and Sons","470","4"
"220","2909518792","Joshua Williams","N","QUITO","Ramirez Inc","496","4"
"221","3430313698","Rebecca Frost","N","QUITO","King-Johnson","322","3"
"222","8169487164","Matthew Lee","N","QUITO","Fox-Velasquez","74","3"
"223","1022873981","Michael Ball","N","QUITO","Collins-Pruitt","335","4"
"224","4611152425","Ryan Le","N","QUITO","Lane, Lambert and Brown","50","5"
"225","8718818263","Kathryn Torres","N","QUITO","Joyce-Mckinney","514","2"
"226","8022342913","Scott Sheppard","N","QUITO","Cooper-Turner","122","4"
"227","4528930004","Courtney Moore","N","QUITO","Hansen, Hunter and Howard","361","3"
"228","2860526725","Rita Peterson","N","QUITO","Hobbs Ltd","62","4"
"229","4411808237","Ashley Lewis","N","QUITO","Morgan-Wilcox","271","4"
"230","3583435698","Nancy Pacheco","N","QUITO","Lawrence-Cole","188","2"
"231","9675229256","Mr. George Lopez","N","QUITO","Sutton, Chen and Frey","200","4"
"232","9311831107","Jasmin Fletcher","N","QUITO","Rivera-Parker","108","4"
"233","3089777333","Lauren Hensley","N","QUITO","Cummings and Sons","116","3"
"234","8358031481","Antonio Hart","N","QUITO","Adkins PLC","298","3"
"235","9687618868","Yvonne Edwards","N","QUITO","Roberts LLC","139","5"
"236","4545595754","Kenneth Hines","N","QUITO","Richards, Chavez and Taylor","77","4"
"237","6852602527","Christina Cooley","N","QUITO","Martin Ltd","20","4"
"238","7116891548","Cheryl Anderson","N","QUITO","Vazquez-Garza","368","2"
"239","3630832761","Chelsea Montgomery","E","CUENCA","Chen Group","96","2"
"240","7819082841","Juan Jacobs","N","QUITO","Johnson, Simmons and King","478","3"
"241","7144377819","Catherine Anderson","N","QUITO","Campbell and Sons","2","5"
"242","4340470959","Michael Stewart","N","QUITO","Hall, Hunt and Holland","69","4"
"243","7929473693","Amy Huffman","N","QUITO","Manning, Lee and Watts","377","2"
"244","1549868795","Ryan Oconnell","N","QUITO","Lane, Pierce and Johnson","162","3"
"245","3725866811","Charles Kent","N","EL COCA","Pena-Gregory","503","2"
"246","4790840037","Geoffrey Anderson","N","QUITO","Day LLC","114","4"
"247","3067660825","Kathryn Walker","N","CUENCA","Hudson PLC","137","3"
"248","5088228810","Julian Wallace","N","PORTOVIEJO","Gardner, Salazar and Vasquez","561","4"
"249","7149062052","Doris Stephens","N","QUITO","Kennedy, Hodge and Sanchez","231","3"
"250","4123735885","Heather Carson","N","QUITO","Dudley PLC","147","5"
"251","5526257107","Philip Henderson","N","QUITO","Jones-Jones","332","3"
"252","7295973726","Hannah Vance","N","QUITO","Williams LLC","215","1"
"253","2448387866","Mary Mitchell","N","QUITO","Lindsey-Russell","182","2"
"254","6449590382","Brett Hanna","N","QUITO","Jackson-Lopez","558","2"
"255","2323331948","Charles Lawrence","N","QUITO","Lane-Stephens","112","1"
"256","1057193462","Thomas Harper","N","QUITO","Tapia-Johnson","582","1"
"257","2643814115","Raymond Hodge","N","QUITO","Humphrey, Carr and Ortiz","10","4"
"258","8293840284","Jocelyn Ross","N","QUITO","Sutton PLC","242","3"
"259","9398751403","Cynthia Sandoval","N","QUITO","Harmon Ltd","338","1"
"260","5011985559","Ronald Hayden","E","CUENCA","Nelson, Snow and Murphy","467","2"
"261","2349316152","Renee Mckay","N","CUENCA","Tyler, Lee and Smith","53","4"
"262","3004311476","Dillon Brown","N","CUENCA","Holt, Boyd and Payne","259","4"
"263","1115700412","Emily Hayes","N","CUENCA","Morrison, Gilbert and Thomas","398","2"
"264","8041875487","Christopher Davis","N","CUENCA","Jackson and Sons","369","4"
"265","5255677502","Tracey Davis","N","CUENCA","Patrick PLC","379","4"
"266","5108845242","Dr. Michael Moore DDS","N","CUENCA","Anderson, Sanders and Kidd","228","4"
"267","8995803116","Kenneth Collins","N","CUENCA","Martinez Inc","535","2"
"268","6307279048","Matthew Gonzales","J","QUITO","Warren Group","198","4"
"269","8051013371","Kristi Castro","N","CUENCA","Barajas Group","318","5"
"270","2822800044","Katherine Ortiz","N","CUENCA","Price-Martin","568","5"
"271","1792273783","Lori Rivas","N","CUENCA","Allen LLC","92","5"
"272","7204026024","Melissa Lowery","J","QUITO","Underwood, Griffith and Tran","474","5"
"273","7213323782","Carol Flowers","N","CUENCA","Garner, Scott and Oneill","149","1"
"274","6000415604","Charles Figueroa","N","CUENCA","Chapman LLC","584","2"
"275","1950892766","Catherine Williams","N","CUENCA","Jacobs-Allen","389","1"
"276","7777220958","Julia Mahoney","J","QUITO","Patel-Ramirez","541","3"
"277","4071592389","Brian Zuniga","N","CUENCA","Stanley-Carlson","241","5"
"278","6021214845","Rachel Livingston","N","CUENCA","Prince and Sons","366","4"
"279","8117536319","Katherine Perez","N","CUENCA","Schmidt, Olson and Stanton","597","3"
"280","1681499553","Beth Cervantes","J","QUITO","Thompson, Johnson and Carney","128","5"
"281","5701388657","Lisa Strickland","J","QUITO","Barnes and Sons","7","2"
"282","3995629702","Rachel Smith","N","CUENCA","Lawrence, Reyes and Gregory","160","5"
"283","8822419585","Stephanie Hartman","N","CUENCA","Chung, Ramirez and Cook","495","3"
"284","5110972215","Sandy Huber","N","PORTOVIEJO","Odom-Farrell","381","4"
"285","4029593866","William Adams","N","QUITO","Garcia and Sons","372","2"
"286","4523095643","Kendra Lopez","N","QUITO","Bond-Henderson","311","2"
"287","1746442664","Charles Dixon","N","QUITO","Carrillo, Townsend and Smith","548","1"
"288","6579584777","Peter Reed","N","QUITO","White, Sharp and Patrick","527","1"
"289","8939083026","Matthew Stanley","N","QUITO","Shah, Brown and Henry","42","4"
"290","9981593569","Maria Smith","N","QUITO","Smith-Marks","206","3"
"291","1366652262","Michael Edwards","N","QUITO","Mathis, Vaughn and Davila","506","5"
"292","9754574529","Joshua Moore","N","QUITO","Davis, Brown and Mullins","407","2"
"293","6438499606","Benjamin Vargas","N","QUITO","Wheeler, Hansen and Morris","127","5"
"294","8216398942","Paula Rodriguez","N","QUITO","King-Dickerson","210","1"
"295","7327782920","Adam Jacobs","N","QUITO","George Ltd","287","3"
"296","1676447931","Antonio Wheeler","N","QUITO","Anthony-Carlson","426","4"
"297","2061017977","Benjamin Hoover","N","QUITO","Petersen, May and Adams","359","2"
"298","1634784436","Laura Alvarez","N","QUITO","Miller LLC","427","2"
"299","7849214575","Patricia Mejia","N","QUITO","Hess PLC","353","5"
"300","2087887286","Krista Malone","N","AMBATO","Ramsey-Ellis","512","2"
"301","5545374756","Anna Mercado","N","QUITO","Smith, Shelton and Miller","390","1"
"302","8050975761","David White","N","QUITO","Whitehead Inc","313","5"
"303","4462152205","Robert Garrison","N","QUITO","Schultz-Castillo","543","5"
"304","6241358122","Geoffrey Jackson","N","QUITO","Peters, Mitchell and Martin","197","3"
"305","2032770433","Karen Thomas","N","QUITO","Martinez-Wells","545","2"
"306","7084954498","Sarah Tran","N","QUITO","Medina Group","123","2"
"307","3677319074","John Chambers","N","QUITO","Soto PLC","309","1"
"308","1026252761","Jonathan Allen","N","QUITO","Allen and Sons","326","3"
"309","7849211660","Aaron Stewart","N","QUITO","Mcintyre, Sparks and Stanley","521","2"
"310","5971156023","Kerri Jacobson","N","QUITO","Ward-Anthony","598","3"
"311","9869601610","Jeremy Ewing","N","QUITO","Ray PLC","365","1"
"312","8921330080","Donna Mitchell","N","QUITO","Price PLC","232","2"
"313","8221650936","Rebecca Roth","N","QUITO","Howard and Sons","560","5"
"314","1304614425","Holly Cruz","N","QUITO","Ballard-Pratt","526","2"
"315","9724475493","Craig Ayers","N","QUITO","White, Moore and Beck","554","3"
"316","3971197152","Nicole Davis","N","QUITO","Bender Group","386","3"
"317","2740828614","Matthew Murray","N","QUITO","Costa-Curry","339","3"
"318","8472218818","Dr. Joshua Mann Jr.","N","QUITO","Sparks and Sons","103","4"
"319","5790566456","John Schneider","N","QUITO","Oconnor-White","66","4"
"320","1902980801","Michael Stewart","E","QUITO","Hartman-Bean","144","3"
"321","3544709499","Robert Kelley","N","QUITO","Miller-Johnson","193","4"
"322","9099108765","Christopher White","E","CUENCA","Randall PLC","152","4"
"323","7926456372","Robert Hubbard","N","CUENCA","Bryant-Johnson","90","5"
"324","2032536994","Susan Bolton","N","CUENCA","Ball-Park","165","1"
"325","7346301151","Tiffany Guerra MD","N","QUITO","Wilson and Sons","590","3"
"326","3662098452","Jeremy James","N","QUITO","Jones, Benson and Clayton","217","5"
"327","9132333643","Savannah King","N","QUITO","Morgan, Davis and Barton","73","2"
"328","9484144679","Gregory Pope PhD","N","CUENCA","Griffin, Blake and Mitchell","109","2"
"329","8208351607","Daniel Ferguson","N","CUENCA","White Group","536","3"
"330","1067119990","Joseph Weeks","N","CUENCA","Harrington, Mendoza and Lloyd","277","1"
"331","9033519997","Michael Nelson","N","CUENCA","Moreno-Cantu","119","3"
"332","5577087717","Maureen Butler","N","CUENCA","Ball-Butler","562","3"
"333","6303749077","Andrea Elliott","J","QUITO","Matthews, Mccoy and Sullivan","529","3"
"334","8867421604","Wyatt Cruz","N","CUENCA","Barker-Pineda","65","1"
"335","3087364881","Phillip Luna","J","GUAYAQUIL","Green Group","305","3"
"336","2301209526","Nancy Crosby","N","CUENCA","Smith Ltd","312","2"
"337","8313362070","Zoe Turner","J","MANTA","Patel, Mueller and Ramirez","167","1"
"338","6397922962","Jessica Ross","N","CUENCA","Perez, Taylor and Patel","201","3"
"339","6300450148","Janet Pennington","J","MANTA","Ashley Group","17","4"
"340","6343539196","Larry Wood","J","QUITO","Bradley Ltd","317","5"
"341","4316124176","Melody Brown","J","MANTA","Fry, Jones and Baker","26","5"
"342","8563317677","Crystal James","N","CUENCA","Douglas PLC","195","2"
"343","3676603925","William Gutierrez","J","MANTA","Rogers, Castaneda and Fischer","98","5"
"344","1954052237","Richard Thomas","J","SANTO DOMINGO","Baker Inc","405","3"
"345","3806807301","Leslie Rogers","J","QUITO","Nguyen-Diaz","300","3"
"346","7598833652","Jerry Sandoval","J","MANTA","Little Group","209","4"
"347","6301960649","Judy Gray","J","MANTA","Pittman, Zimmerman and Williams","574","3"
"348","4732980412","Bethany Campbell","N","QUITO","Ross Group","451","2"
"349","3279870482","Gregory Edwards","N","QUITO","Bailey Ltd","279","5"
"350","5627994804","Laura Day","N","QUITO","White-Thomas","58","3"
"351","3507323852","Tammy Rasmussen","N","QUITO","Sanchez-Oliver","104","5"
"352","2067410765","William Blackwell","N","QUITO","Jimenez-Hart","38","5"
"353","6775825523","Renee Sullivan","N","SANTO DOMINGO","Nguyen-Graham","380","5"
"354","9302079179","Karen King","N","QUITO","Haney, Anderson and Livingston","115","4"
"355","1374458697","George Robinson","N","QUITO","Hernandez, Murray and Campbell","576","1"
"356","7252108905","Edward Schmidt","J","PORTOVIEJO","Martinez, White and Cannon","472","2"
"357","4858959611","Anita Hall","N","QUITO","Garcia PLC","258","4"
"358","4485776159","Austin Evans","N","QUITO","Vazquez-Cook","156","2"
"359","8191073259","Seth Graham","N","QUITO","Jones, Miller and Vargas","376","4"
"360","6553173768","Amanda Brown","N","QUITO","Miles-Burns","229","2"
"361","1772784813","Anita Bright","N","QUITO","Moore, Williams and Lee","498","5"
"362","8603150822","Amy Hebert","N","QUITO","Vazquez, Robles and Powell","12","4"
"363","2380862730","Dennis Martin","N","QUITO","Leonard and Sons","6","2"
"364","8383112865","Tiffany Sanchez","N","QUITO","Summers, Wilson and Lane","585","2"
"365","9608515031","Melissa Blake","N","CUENCA","King, Rodriguez and Wang","475","1"
"366","3819763767","Mr. Robert Taylor","N","MACHALA","King-Harris","51","3"
"367","1807407058","Heather Rose","N","CUENCA","Wiggins-Robinson","513","5"
"368","5255592940","Randy White","N","CUENCA","Garcia-Norman","39","2"
"369","7094472596","Bethany Wolf","N","SANTO DOMINGO","Morales, Glass and Morris","8","3"
"370","9524103422","Michael Jones","N","CUENCA","Oneal-Nguyen","463","5"
"371","2720759265","Luke Brady","N","CUENCA","Lawrence, Rice and Hogan","340","2"
"372","1605496637","April Garcia","N","CUENCA","Franklin LLC","325","4"
"373","6154760568","Austin Benson","N","CUENCA","Woods-Jones","442","4"
"374","4536442292","Michael Griffin","N","CUENCA","Baker LLC","84","2"
"375","7707022035","Alexis Short","J","EL COCA","Sexton, Downs and Hensley","220","3"
"376","9407763930","Melissa Boone","E","CUENCA","Yang-Thomas","170","4"
"377","9911337638","Miranda Conley","N","QUITO","Harper-Smith","352","5"
"378","3985353779","Jordan Mccormick","E","AMBATO","Francis-Smith","524","5"
"379","8458973643","Kenneth Ferrell","E","CUENCA","Saunders Inc","31","3"
"380","6642848852","Joshua Mason","E","CUENCA","Martinez-Watson","34","1"
"381","5681896139","Brian Hancock","E","LOJA","Shaw-Brown","445","4"
"382","5376888771","Christine Davis","N","QUITO","Wilson-Davis","224","4"
"383","9716297956","Jeremy Gregory","N","CUENCA","Ramirez and Sons","269","2"
"384","3938623436","Kari Ruiz","N","QUITO","Tran, Morales and Fox","106","5"
"385","9220141392","Sara Gallegos","N","QUITO","Lopez, Mcdonald and Peters","299","3"
"386","2497688958","Tyler Bishop","E","EL COCA","Anderson-Cook","564","5"
"387","9402083355","Tiffany Blevins","E","MACHALA","Becker-Smith","243","1"
"388","8513899858","Francis Forbes","N","CUENCA","Rodriguez-Spence","153","2"
"389","5874204068","John Adams","N","CUENCA","Herring PLC","425","2"
"390","4018212146","Kimberly Thompson","N","CUENCA","Wilson, Jordan and Mcgee","399","4"
"391","7656743196","Anna Beasley","N","IBARRA","Powers, Lindsey and Hill","80","5"
"392","6386383866","Mary Williams","N","IBARRA","Williams-Smith","471","2"
"393","9649756698","Jesse Adams","N","CUENCA","Harrell Ltd","278","1"
"394","4111139084","Joshua Roberts","N","CUENCA","Stevens Inc","357","1"
"395","6987465763","Kimberly Scott","N","CUENCA","Jones Group","221","5"
"396","7656966254","Sandra Green","N","CUENCA","Nguyen, Clark and Nunez","321","3"
"397","8911242954","Alicia Johnson","N","CUENCA","Caldwell Inc","72","2"
"398","7307462964","Lori Barnett","N","CUENCA","Bass-Burns","22","3"
"399","3427686359","Misty Park","N","CUENCA","Day Ltd","291","2"
"400","6842173451","Abigail Edwards","J","QUITO","Robertson PLC","196","5"
"401","2283346115","Vicki Smith","N","CUENCA","Bowman-Brooks","487","5"
"402","2871966546","Tammie Peterson","N","CUENCA","Barnes Inc","251","4"
"403","9300857023","Ryan Allison","N","CUENCA","White, Mccarty and Winters","169","3"
"404","6520698380","Jeffrey Ellis","N","IBARRA","Francis-Church","333","5"
"405","7799733156","David Medina","J","QUITO","Jones, Lewis and Morris","85","1"
"406","4397089952","Tanya Martin","E","AMBATO","Black-Cox","479","1"
"407","8931168431","Matthew Harrison","N","CUENCA","Potts Group","409","1"
"408","7412489543","Christopher Hernandez","N","CUENCA","Combs-Morris","285","4"
"409","2174321488","Kendra Sanchez","N","CUENCA","Lee, Campbell and Moreno","593","2"
"410","4705053356","Cheryl Phillips","N","CUENCA","Young Ltd","24","3"
"411","7022235594","Angie Lopez","N","CUENCA","Navarro-Waller","469","3"
"412","8960283153","Steven Sanders","N","CUENCA","Brown-Curry","515","2"
"413","6811215233","Nicole Parker","N","CUENCA","Moss, Pearson and Alexander","489","3"
"414","7557181395","Nathan Boyd","N","QUITO","Patrick-Harris","355","4"
"415","1208325726","Jason Mercer","N","QUITO","Oliver, Jimenez and Peterson","572","2"
"416","3459844300","William Jordan","N","QUITO","Munoz-Torres","473","4"
"417","1663494683","Michelle Bailey","N","QUITO","Hopkins-Stephens","552","5"
"418","7067822597","Jennifer Bennett","N","QUITO","Dyer Ltd","402","3"
"419","2365375073","Heather Edwards","N","QUITO","Middleton Ltd","187","4"
"420","5519973271","Elizabeth Obrien","N","QUITO","Daniels, Paul and Olson","88","4"
"421","5499644957","Brian Cisneros","N","QUITO","Pearson Inc","466","2"
"422","7372482609","Brandon Scott","N","QUITO","Ortiz, Castillo and Webster","263","4"
"423","8461294891","John Castillo","N","QUITO","Patton Ltd","294","5"
"424","4524012304","Joshua Smith","N","QUITO","Duran Group","360","1"
"425","6474331600","Michael Rodgers","N","QUITO","May Group","273","5"
"426","1046729011","Pamela Cook","N","QUITO","Holland and Sons","124","3"
"427","4230294035","Stephanie Benson","N","QUITO","Clements, Miller and Garrison","192","5"
"428","1373113550","Holly Ellis","N","QUITO","Pennington PLC","186","4"
"429","3116424249","William Cooper","N","QUITO","Faulkner, Brown and Chang","329","5"
"430","8871544278","Mr. Timothy Mcgrath","N","QUITO","Gibbs, James and Fisher","528","3"
"431","7492483747","Sharon Lutz","N","QUITO","York-Huffman","240","3"
"432","7658326672","Joshua Jones","N","QUITO","Weber-Ray","44","4"
"433","2366436863","Matthew Berger","N","QUITO","Sanders LLC","89","5"
"434","4755933748","Brian Brennan","J","QUITO","Johnson-Huang","453","5"
"435","5431266792","Wayne Cantu","N","QUITO","Rowe, Smith and Kelly","19","4"
"436","6501002156","Trevor Smith","N","QUITO","Perkins, Edwards and Edwards","97","1"
"437","8798688450","Kevin Hunter","J","IBARRA","Taylor, Mendez and Taylor","264","5"
"438","9432094117","Kevin Rodriguez","J","IBARRA","Peters-Day","350","1"
"439","1506813992","Jacqueline Harper","E","EL COCA","Graham, Rollins and Johnson","302","4"
"440","4984921722","Christine Dawson","E","EL COCA","Newton, Reed and Smith","43","1"
"441","1110807540","Jack Nelson","N","QUITO","Mitchell, Davis and Savage","565","3"
"442","1715477704","Kristin Robinson","N","QUITO","Mitchell-Jacobs","383","5"
"443","8273452813","Alicia Perez","N","QUITO","Hardin PLC","497","2"
"444","9543289239","Mark Riley","N","QUITO","Nicholson, Jacobs and Reilly","443","4"
"445","8716994436","Edward Gray","N","CUENCA","Johnson, Hernandez and Johnson","49","4"
"446","7965574461","Kayla Moore","N","CUENCA","Williams Inc","204","3"
"447","7865835948","Thomas Howell","J","QUITO","Moore-Jones","344","3"
"448","8241177301","Ashley Turner","J","QUITO","Neal, Alexander and Moore","246","4"
"449","5776408996","Kelly Baker","J","QUITO","Parks, Wilkinson and Boyer","207","5"
"450","1106105419","Ashley Young","N","CUENCA","Hoffman, Thompson and Moses","522","3"
"451","5675005671","Paul Mendez","N","CUENCA","Miller, Cunningham and Taylor","436","3"
"452","2853969334","Jason Barnes","N","CUENCA","Clarke, Perez and Walker","441","5"
"453","1343222000","Jason Diaz","N","CUENCA","Hoffman, Wright and Ingram","532","4"
"454","4261221969","Kimberly Mcgee","N","CUENCA","Miller Inc","555","2"
"455","8453812967","Carly Bryant","N","CUENCA","Watkins-Jarvis","301","1"
"456","1797371823","Summer Green","N","CUENCA","Smith-Lee","36","4"
"457","6159803491","Katelyn Alexander","N","CUENCA","Hawkins, Mann and Thomas","52","3"
"458","9946119268","Tara Waller","N","CUENCA","Alvarez, Gibson and Bernard","573","3"
"459","7128213403","Jason Adams","N","CUENCA","King-Buck","419","4"
"460","4491220741","Monica Carpenter","N","CUENCA","Adams-Ferguson","30","1"
"461","1838730069","Jessica Malone","N","CUENCA","Callahan-Davis","142","2"
"462","2132246148","Emily Rubio","N","CUENCA","Nelson, Mack and Clay","316","3"
"463","5492175904","Lindsay Contreras","N","CUENCA","Jones Group","166","5"
"464","1731523899","Daniel Williams","J","MANTA","Hendricks, Castillo and Carter","56","5"
"465","6058644872","Monica Meyer","N","CUENCA","Callahan, Lloyd and Jenkins","336","2"
"466","5698484735","Nicholas Shah","N","CUENCA","Morgan-Koch","566","4"
"467","8615983765","Kayla Duffy","N","CUENCA","Garza, Hernandez and Chaney","120","5"
"468","2734627962","Michael Strickland","N","CUENCA","Parks-Rivera","525","3"
"469","9614571042","Sharon Lopez","N","CUENCA","Lee, Cisneros and Yates","439","2"
"470","1719356196","Sean Ferguson","N","CUENCA","Haney and Sons","378","5"
"471","5232448147","Joshua Myers","N","CUENCA","Lee PLC","410","2"
"472","9068682668","Michelle Anderson","N","CUENCA","Kent Inc","394","3"
"473","4752114699","Jim Holloway","N","CUENCA","Sanchez-Peterson","477","5"
"474","3746897125","Daniel Hawkins","N","CUENCA","Shaw, Martinez and Campbell","330","4"
"475","8271370059","Christopher Roberts","N","CUENCA","Reyes Group","393","3"
"476","5942350304","Rebecca Henderson","N","CUENCA","Day-Henry","276","3"
"477","3419663201","Eric Johnson","N","CUENCA","Hardy, Lewis and Collier","307","5"
"478","7866644401","Sarah Potts","N","CUENCA","Myers-Combs","71","1"
"479","3195968822","Allison Taylor","J","CUENCA","Thomas, Jones and Townsend","168","4"
"480","4399591070","Christopher Hernandez","N","CUENCA","Kane, Berry and Bailey","462","3"
"481","6132420511","Rebecca Bailey","E","CUENCA","Thompson-Jimenez","179","3"
"482","8161849203","Lisa Bryant","N","CUENCA","Brown Group","488","4"
"483","8151863929","Karen Baldwin","N","CUENCA","Scott-Cole","457","1"
"484","1441173183","John Hamilton","N","CUENCA","Johnson Inc","362","3"
"485","1346343342","Mathew Fox","N","CUENCA","Wilson, Gaines and Stanley","428","3"
"486","1260689378","Andrea Flowers","N","CUENCA","Johnson-Summers","444","1"
"487","8272357005","Raymond Myers","N","CUENCA","Davis-Booker","86","5"
"488","1290369673","Eric Moss","N","CUENCA","Wilkinson Inc","214","4"
"489","9654417516","Scott Craig","N","CUENCA","Farmer, Rogers and Kim","161","3"
"490","6596481853","Brittney Gibson","N","CUENCA","Thomas-Romero","518","3"
"491","6345585848","Mike Moore","N","CUENCA","Chapman, Richards and Martinez","94","2"
"492","8060862903","Cynthia Acevedo","N","CUENCA","Williams Inc","454","5"
"493","6184247370","Michael Williams","N","CUENCA","Reyes Inc","234","5"
"494","6270765821","Angela Mejia","N","CUENCA","Johnson, Hall and Cortez","233","5"
"495","4057623607","Tiffany Montes","N","CUENCA","Lucero LLC","280","4"
"496","2933448369","Paul Johnson","N","QUITO","Mendoza Group","492","2"
"497","8596783140","Nathan Townsend","J","MACHALA","Mcdonald, Hunter and Reynolds","455","5"
"498","6635401782","Patricia Gonzalez","J","QUITO","Cunningham Group","255","1"
"499","1070294170","Antonio Willis","J","MANTA","Contreras, Oconnor and Jensen","270","2"
"500","9639287420","Johnny Garza","N","QUITO","Ferguson, Wallace and Smith","342","4"
"501","3848183144","Michael Farrell","J","QUITO","Pugh Ltd","76","5"
"502","9509347451","Philip King","N","QUITO","Fisher-Mullins","75","3"
"503","2424165921","Michelle Garcia","J","MANTA","Giles-Thomas","67","2"
"504","8600769727","Mitchell Martin","J","AMBATO","Bowers, Delgado and King","314","1"
"505","3451696358","Seth Dawson","N","MACHALA","Delgado, Hays and Snyder","262","2"
"506","2606354579","Donna Hernandez","N","MACHALA","Chambers-Garcia","87","3"
"507","1468578693","Melissa Maldonado","J","MACHALA","Jacobson LLC","275","1"
"508","1630771561","Elizabeth Nguyen","J","QUITO","Ryan and Sons","414","2"
"509","7660497452","Mark Jones","J","QUITO","Wagner-Lopez","465","2"
"510","7343446446","Toni Fleming","J","QUITO","Hicks-Mcdonald","107","4"
"511","8056451161","John Dickson Jr.","N","QUITO","Mcguire Ltd","41","4"
"512","6477881532","Kaylee Lin","J","QUITO","Potter and Sons","265","4"
"513","8881399263","Michele Moreno","N","QUITO","Hancock, Nguyen and Ochoa","328","4"
"514","6484287425","Christopher Hunt","N","QUITO","Arnold-Bright","205","3"
"515","3410863663","Victoria Torres","N","QUITO","Cherry Ltd","431","1"
"516","8401678168","Ricky Barnett","N","QUITO","Brennan Ltd","411","1"
"517","5499202293","Jason Morales","N","QUITO","Larsen PLC","415","2"
"518","7845183431","Stephen Cline","N","QUITO","Bartlett, Dickson and Gray","346","5"
"519","9223486878","Rebecca Zimmerman","N","QUITO","Torres Ltd","247","1"
"520","8747466986","Sarah Green","N","QUITO","Sherman-Clark","252","4"
"521","2446124524","Michelle Gonzales","N","QUITO","Garcia Ltd","429","3"
"522","3987925682","Sergio Lee","N","QUITO","Golden, Pope and Walton","101","5"
"523","5249399503","Timothy Matthews","N","QUITO","Mccormick, Williams and Hayes","23","4"
"524","6268933429","Madison Pollard","N","QUITO","Burton-Anderson","15","3"
"525","2264210375","Amanda Fuentes","N","QUITO","Johnson-Kennedy","95","4"
"526","1714532601","Mr. Anthony Thompson PhD","N","QUITO","Clark LLC","150","1"
"527","1558334478","George Powell","N","QUITO","Stephens Group","191","1"
"528","9884674713","Yolanda Arroyo","N","QUITO","Frazier-Colon","505","3"
"529","9753294123","Kelli Chambers","N","QUITO","Riley Inc","212","1"
"530","5846004034","Ernest Walls","N","QUITO","Reed, Reid and Smith","571","2"
"531","4374624123","Jessica Walker","N","QUITO","Hernandez LLC","484","3"
"532","4669859973","Christopher Atkins","N","QUITO","Knox Inc","180","2"
"533","9009169207","Mary Duarte","N","QUITO","Whitehead, Merritt and Nelson","511","2"
"534","1283121524","Brenda Nelson","N","QUITO","Powers, Beard and Nelson","404","5"
"535","8417406858","Cody Marks","N","QUITO","Williams-Harris","569","1"
"536","7203101252","Steven Morgan","N","QUITO","Ramirez, Hughes and Miller","81","2"
"537","9335267112","Michelle Cunningham","N","QUITO","Mclaughlin PLC","284","3"
"538","8927008675","Christopher Adams","N","QUITO","Clark and Sons","347","5"
"539","6272430312","Mario Pugh","N","QUITO","Hess, Lawrence and Schroeder","110","2"
"540","5967263370","Bailey Bryant","N","QUITO","Sanders Ltd","345","4"
"541","3369284243","Scott Guerrero","N","QUITO","Hodges, Irwin and Perez","293","3"
"542","9606826250","Jared Martinez","N","QUITO","Cooper-Diaz","250","4"
"543","7370002802","Robert Evans","N","QUITO","Woods Ltd","225","2"
"544","4234009229","Ryan Brown","N","QUITO","Mueller-Fernandez","11","5"
"545","9561028453","Shawn Lopez","N","QUITO","Terry-Simmons","289","2"
"546","5768346170","Jane Cox","N","QUITO","Smith-Walker","3","1"
"547","5942534180","Michael Roberts","N","QUITO","Duncan-Monroe","177","1"
"548","9620496595","Tamara Scott","N","QUITO","Johnson, Smith and Taylor","267","3"
"549","9186751847","Jennifer Wang","N","QUITO","Hess Inc","190","1"
"550","2488076278","Charles Humphrey","N","QUITO","Johnson-Schmidt","219","4"
"551","3183193789","Joel Goodwin","N","QUITO","Hart-Jensen","450","5"
"552","1298461206","Miranda Hale","N","QUITO","Hartman, Eaton and White","547","3"
"553","3769852034","Christopher Moore","N","QUITO","Rose-Yu","121","5"
"554","5764584716","Dr. Amanda Silva","N","QUITO","Owens, Horn and Hawkins","430","1"
"555","3047261781","Bryan Morris","N","QUITO","Holland LLC","14","3"
"556","4860477025","Daniel Grant","N","QUITO","Rangel-Perkins","183","4"
"557","5104308734","Jeffrey Taylor","N","QUITO","Dean-Mcdowell","100","3"
"558","6051334852","Reginald Gallegos","N","QUITO","Stevenson LLC","507","4"
"559","2260472680","Nathan Smith","N","QUITO","Kent Group","176","4"
"560","6472724073","Rebecca Nichols","N","QUITO","Smith, King and Austin","583","1"
"561","6704375186","Anthony Logan","N","QUITO","Nelson, Massey and Tate","392","2"
"562","6386627573","Brooke Chambers","N","QUITO","Williams and Sons","327","3"
"563","2972144005","Jessica Alexander","N","QUITO","Smith-Orr","481","3"
"564","7914772936","Brian Anderson","N","QUITO","Boone, Wiley and Hall","388","2"
"565","1853953916","James Santos","N","QUITO","Burns Group","208","3"
"566","1595964921","Jennifer Alexander","N","QUITO","Trevino Inc","447","5"
"567","2925544740","Olivia Cunningham","N","QUITO","Vargas, Robinson and Moon","35","4"
"568","3083528744","Joe Bryan","N","QUITO","Miller PLC","211","2"
"569","6430370172","Carlos Hill","N","QUITO","Dean-Cruz","290","5"
"570","4898022193","Michelle Carlson","N","QUITO","Cole PLC","416","2"
"571","8212801035","Samantha Young","N","QUITO","Burns-Lucero","440","5"
"572","3279790608","Kristen Castillo","N","QUITO","Hansen LLC","364","3"
"573","7182823656","Nicholas Barker","N","QUITO","Gregory LLC","374","2"
"574","5291100498","Derek Hendricks","N","QUITO","Nguyen, Foster and Haas","138","3"
"575","2134229867","Brian Taylor","N","QUITO","Freeman-Kelly","502","3"
"576","4431484187","Kimberly Moore","N","QUITO","Klein-Thompson","384","3"
"577","7815654099","Christine Shaw","N","QUITO","Dunlap PLC","4","2"
"578","4057458143","Michelle Small","N","QUITO","Howard-Garcia","588","2"
"579","2786947803","Kaitlyn Franco","N","QUITO","Brown PLC","111","4"
"580","4664763931","Melissa Howell","N","QUITO","Banks Group","248","3"
"581","5790038418","Lucas Jimenez","N","QUITO","Herman-Brown","297","2"
"582","4663220880","Matthew Miller","N","QUITO","Smith LLC","437","3"
"583","6629359965","William Cooper","N","QUITO","Rogers-Zimmerman","570","3"
"584","3684197168","Rachel Flores","N","QUITO","Baker, Shields and Patterson","490","4"
"585","3251524528","Luis Richards","N","QUITO","Garcia-Hughes","578","4"
"586","4492631426","Matthew Cruz","N","QUITO","Taylor-Ford","563","4"
"587","4149343866","Kelly Simon","N","QUITO","Potts LLC","549","2"
"588","9837910697","Dr. Heather Tran","N","QUITO","Stewart, Miller and Medina","483","3"
"589","1480279822","Jackson Mcbride","N","QUITO","Klein PLC","448","5"
"590","2663669841","Kelly Kaufman","N","QUITO","Huber-Cordova","282","4"
"591","2943669569","Heidi Fox","N","QUITO","Rodriguez Ltd","213","1"
"592","8917315408","Scott Pratt","N","QUITO","Hall-Booth","403","3"
"593","5049443286","Matthew Rivera","N","QUITO","Gonzalez-Snyder","516","1"
"594","3853136592","Todd Adams","N","QUITO","Baxter, Nelson and Zamora","491","3"
"595","5065411915","Timothy Rivera","N","QUITO","Garner and Sons","559","5"
"596","2058365565","Tammy Grant","N","QUITO","Thomas, Jones and Howard","83","5"
"597","8879251373","Brian Saunders","N","QUITO","Serrano, Jones and Barker","18","4"
"598","3577420560","Henry Martin","N","QUITO","Thornton Inc","581","1"
"599","3105330114","Stephanie Henderson","N","QUITO","Rodriguez-Wolf","412","2"
"600","8216606643","Barbara Franklin","N","QUITO","Washington and Sons","218","4"
